ego,alter_a,alter_b
E01,E01-A01,E01-A02
E01,E01-A01,E01-A04
E01,E01-A02,E01-A04
E01,E01-A02,E01-A09
E01,E01-A02,E01-A11
E01,E01-A02,E01-A12
E01,E01-A03,E01-A05
E01,E01-A03,E01-A08
E01,E01-A03,E01-A12
E01,E01-A03,E01-A13
E01,E01-A05,E01-A08
E01,E01-A05,E01-A10
E01,E01-A05,E01-A13
E01,E01-A06,E01-A07
E01,E01-A06,E01-A10
E01,E01-A07,E01-A09
E01,E01-A08,E01-A13
E01,E01-A10,E01-A11
E01,E01-A12,E01-A13
E02,E02-A01,E02-A04
E02,E02-A01,E02-A12
E02,E02-A02,E02-A03
E02,E02-A02,E02-A05
E02,E02-A02,E02-A07
E02,E02-A02,E02-A15
E02,E02-A03,E02-A05
E02,E02-A03,E02-A06
E02,E02-A03,E02-A08
E02,E02-A03,E02-A10
E02,E02-A03,E02-A11
E02,E02-A03,E02-A13
E02,E02-A04,E02-A12
E02,E02-A05,E02-A10
E02,E02-A05,E02-A11
E02,E02-A06,E02-A08
E02,E02-A06,E02-A10
E02,E02-A06,E02-A11
E02,E02-A07,E02-A12
E02,E02-A08,E02-A15
E02,E02-A09,E02-A14
E02,E02-A10,E02-A14
E02,E02-A10,E02-A15
E02,E02-A11,E02-A12
E02,E02-A11,E02-A13
E02,E02-A12,E02-A14
E03,E03-A01,E03-A03
E03,E03-A01,E03-A06
E03,E03-A01,E03-A08
E03,E03-A01,E03-A10
E03,E03-A01,E03-A11
E03,E03-A01,E03-A12
E03,E03-A02,E03-A03
E03,E03-A03,E03-A06
E03,E03-A03,E03-A08
E03,E03-A03,E03-A10
E03,E03-A03,E03-A12
E03,E03-A05,E03-A07
E03,E03-A06,E03-A08
E03,E03-A08,E03-A10
E03,E03-A08,E03-A12
E03,E03-A10,E03-A11
E03,E03-A11,E03-A12
E04,E04-A01,E04-A02
E04,E04-A01,E04-A07
E04,E04-A01,E04-A10
E04,E04-A02,E04-A08
E04,E04-A02,E04-A10
E04,E04-A03,E04-A06
E04,E04-A03,E04-A08
E04,E04-A04,E04-A07
E04,E04-A04,E04-A09
E04,E04-A06,E04-A07
E04,E04-A06,E04-A10
E04,E04-A07,E04-A10
E04,E04-A08,E04-A10
E04,E04-A09,E04-A10
E05,E05-A01,E05-A03
E05,E05-A01,E05-A07
E05,E05-A01,E05-A09
E05,E05-A01,E05-A11
E05,E05-A03,E05-A04
E05,E05-A03,E05-A05
E05,E05-A03,E05-A16
E05,E05-A04,E05-A05
E05,E05-A04,E05-A07
E05,E05-A04,E05-A08
E05,E05-A04,E05-A12
E05,E05-A04,E05-A15
E05,E05-A05,E05-A07
E05,E05-A05,E05-A10
E05,E05-A05,E05-A11
E05,E05-A07,E05-A11
E05,E05-A08,E05-A09
E05,E05-A08,E05-A12
E05,E05-A08,E05-A13
E05,E05-A09,E05-A10
E05,E05-A09,E05-A13
E05,E05-A09,E05-A15
E05,E05-A10,E05-A13
E05,E05-A11,E05-A12
E05,E05-A11,E05-A13
E05,E05-A12,E05-A15
E06,E06-A01,E06-A02
E06,E06-A01,E06-A03
E06,E06-A01,E06-A06
E06,E06-A01,E06-A09
E06,E06-A01,E06-A10
E06,E06-A01,E06-A16
E06,E06-A02,E06-A04
E06,E06-A02,E06-A06
E06,E06-A02,E06-A08
E06,E06-A02,E06-A09
E06,E06-A02,E06-A10
E06,E06-A02,E06-A11
E06,E06-A02,E06-A16
E06,E06-A02,E06-A17
E06,E06-A03,E06-A05
E06,E06-A04,E06-A10
E06,E06-A04,E06-A11
E06,E06-A04,E06-A16
E06,E06-A05,E06-A06
E06,E06-A05,E06-A13
E06,E06-A06,E06-A08
E06,E06-A06,E06-A11
E06,E06-A06,E06-A16
E06,E06-A06,E06-A17
E06,E06-A08,E06-A14
E06,E06-A09,E06-A10
E06,E06-A09,E06-A11
E06,E06-A09,E06-A17
E06,E06-A10,E06-A11
E06,E06-A10,E06-A12
E06,E06-A10,E06-A16
E06,E06-A10,E06-A17
E06,E06-A11,E06-A16
E06,E06-A11,E06-A17
E06,E06-A14,E06-A17
E07,E07-A01,E07-A10
E07,E07-A01,E07-A12
E07,E07-A01,E07-A20
E07,E07-A02,E07-A05
E07,E07-A02,E07-A07
E07,E07-A02,E07-A13
E07,E07-A03,E07-A07
E07,E07-A03,E07-A08
E07,E07-A03,E07-A14
E07,E07-A04,E07-A10
E07,E07-A04,E07-A15
E07,E07-A04,E07-A19
E07,E07-A04,E07-A20
E07,E07-A05,E07-A07
E07,E07-A05,E07-A13
E07,E07-A06,E07-A16
E07,E07-A06,E07-A19
E07,E07-A07,E07-A11
E07,E07-A07,E07-A13
E07,E07-A07,E07-A14
E07,E07-A07,E07-A17
E07,E07-A07,E07-A19
E07,E07-A09,E07-A17
E07,E07-A10,E07-A19
E07,E07-A10,E07-A20
E07,E07-A11,E07-A14
E07,E07-A13,E07-A14
E07,E07-A13,E07-A18
E07,E07-A14,E07-A17
E07,E07-A14,E07-A19
E07,E07-A14,E07-A20
E07,E07-A15,E07-A19
E07,E07-A16,E07-A18
E07,E07-A17,E07-A18
E07,E07-A17,E07-A20
E07,E07-A18,E07-A20
E07,E07-A19,E07-A20
E08,E08-A02,E08-A04
E08,E08-A02,E08-A06
E08,E08-A02,E08-A08
E08,E08-A02,E08-A09
E08,E08-A02,E08-A10
E08,E08-A02,E08-A13
E08,E08-A03,E08-A12
E08,E08-A03,E08-A14
E08,E08-A04,E08-A05
E08,E08-A04,E08-A06
E08,E08-A04,E08-A07
E08,E08-A04,E08-A09
E08,E08-A04,E08-A13
E08,E08-A05,E08-A07
E08,E08-A05,E08-A08
E08,E08-A05,E08-A10
E08,E08-A05,E08-A11
E08,E08-A05,E08-A13
E08,E08-A06,E08-A08
E08,E08-A06,E08-A09
E08,E08-A06,E08-A10
E08,E08-A07,E08-A08
E08,E08-A07,E08-A11
E08,E08-A07,E08-A12
E08,E08-A08,E08-A09
E08,E08-A08,E08-A10
E08,E08-A08,E08-A12
E08,E08-A08,E08-A13
E08,E08-A08,E08-A14
E08,E08-A09,E08-A11
E08,E08-A10,E08-A11
E08,E08-A10,E08-A13
E09,E09-A01,E09-A06
E09,E09-A01,E09-A07
E09,E09-A01,E09-A08
E09,E09-A01,E09-A09
E09,E09-A01,E09-A11
E09,E09-A01,E09-A12
E09,E09-A01,E09-A14
E09,E09-A01,E09-A16
E09,E09-A01,E09-A17
E09,E09-A02,E09-A04
E09,E09-A02,E09-A13
E09,E09-A02,E09-A16
E09,E09-A02,E09-A17
E09,E09-A02,E09-A19
E09,E09-A02,E09-A20
E09,E09-A03,E09-A06
E09,E09-A03,E09-A07
E09,E09-A03,E09-A08
E09,E09-A03,E09-A09
E09,E09-A03,E09-A11
E09,E09-A03,E09-A12
E09,E09-A03,E09-A14
E09,E09-A03,E09-A15
E09,E09-A03,E09-A17
E09,E09-A03,E09-A18
E09,E09-A04,E09-A05
E09,E09-A04,E09-A11
E09,E09-A04,E09-A13
E09,E09-A04,E09-A16
E09,E09-A04,E09-A19
E09,E09-A04,E09-A20
E09,E09-A05,E09-A06
E09,E09-A05,E09-A09
E09,E09-A05,E09-A14
E09,E09-A05,E09-A16
E09,E09-A06,E09-A07
E09,E09-A06,E09-A08
E09,E09-A06,E09-A09
E09,E09-A06,E09-A14
E09,E09-A06,E09-A15
E09,E09-A06,E09-A16
E09,E09-A06,E09-A17
E09,E09-A06,E09-A18
E09,E09-A06,E09-A20
E09,E09-A07,E09-A08
E09,E09-A07,E09-A09
E09,E09-A07,E09-A10
E09,E09-A07,E09-A11
E09,E09-A07,E09-A12
E09,E09-A07,E09-A14
E09,E09-A07,E09-A15
E09,E09-A07,E09-A17
E09,E09-A08,E09-A12
E09,E09-A08,E09-A13
E09,E09-A08,E09-A14
E09,E09-A08,E09-A15
E09,E09-A08,E09-A18
E09,E09-A08,E09-A19
E09,E09-A09,E09-A11
E09,E09-A09,E09-A12
E09,E09-A09,E09-A14
E09,E09-A09,E09-A16
E09,E09-A09,E09-A18
E09,E09-A10,E09-A13
E09,E09-A11,E09-A15
E09,E09-A11,E09-A17
E09,E09-A11,E09-A18
E09,E09-A11,E09-A20
E09,E09-A12,E09-A17
E09,E09-A12,E09-A18
E09,E09-A13,E09-A16
E09,E09-A13,E09-A19
E09,E09-A14,E09-A17
E09,E09-A14,E09-A18
E09,E09-A15,E09-A17
E09,E09-A16,E09-A17
E09,E09-A17,E09-A18
E09,E09-A19,E09-A20
E10,E10-A01,E10-A04
E10,E10-A01,E10-A05
E10,E10-A01,E10-A12
E10,E10-A02,E10-A03
E10,E10-A02,E10-A05
E10,E10-A02,E10-A06
E10,E10-A02,E10-A09
E10,E10-A02,E10-A12
E10,E10-A02,E10-A13
E10,E10-A02,E10-A15
E10,E10-A03,E10-A07
E10,E10-A03,E10-A09
E10,E10-A03,E10-A15
E10,E10-A04,E10-A12
E10,E10-A04,E10-A14
E10,E10-A05,E10-A07
E10,E10-A05,E10-A08
E10,E10-A05,E10-A09
E10,E10-A05,E10-A11
E10,E10-A06,E10-A07
E10,E10-A06,E10-A15
E10,E10-A07,E10-A08
E10,E10-A07,E10-A11
E10,E10-A08,E10-A09
E10,E10-A08,E10-A11
E10,E10-A08,E10-A15
E10,E10-A09,E10-A13
E10,E10-A09,E10-A15
E10,E10-A10,E10-A11
E11,E11-A01,E11-A05
E11,E11-A01,E11-A11
E11,E11-A02,E11-A06
E11,E11-A02,E11-A11
E11,E11-A02,E11-A14
E11,E11-A02,E11-A15
E11,E11-A03,E11-A06
E11,E11-A03,E11-A08
E11,E11-A03,E11-A15
E11,E11-A03,E11-A17
E11,E11-A03,E11-A18
E11,E11-A04,E11-A05
E11,E11-A04,E11-A06
E11,E11-A04,E11-A08
E11,E11-A04,E11-A12
E11,E11-A04,E11-A13
E11,E11-A04,E11-A15
E11,E11-A04,E11-A17
E11,E11-A05,E11-A08
E11,E11-A05,E11-A12
E11,E11-A05,E11-A13
E11,E11-A05,E11-A15
E11,E11-A05,E11-A18
E11,E11-A06,E11-A07
E11,E11-A06,E11-A08
E11,E11-A06,E11-A12
E11,E11-A06,E11-A15
E11,E11-A06,E11-A17
E11,E11-A06,E11-A18
E11,E11-A07,E11-A12
E11,E11-A07,E11-A13
E11,E11-A07,E11-A14
E11,E11-A08,E11-A12
E11,E11-A08,E11-A13
E11,E11-A08,E11-A17
E11,E11-A09,E11-A10
E11,E11-A09,E11-A17
E11,E11-A10,E11-A15
E11,E11-A11,E11-A14
E11,E11-A11,E11-A16
E11,E11-A12,E11-A13
E11,E11-A12,E11-A17
E11,E11-A13,E11-A14
E11,E11-A13,E11-A17
E11,E11-A17,E11-A18
E12,E12-A01,E12-A02
E12,E12-A01,E12-A06
E12,E12-A02,E12-A07
E12,E12-A03,E12-A06
E12,E12-A03,E12-A11
E12,E12-A03,E12-A12
E12,E12-A03,E12-A13
E12,E12-A04,E12-A06
E12,E12-A04,E12-A16
E12,E12-A05,E12-A08
E12,E12-A05,E12-A09
E12,E12-A05,E12-A10
E12,E12-A05,E12-A14
E12,E12-A06,E12-A08
E12,E12-A06,E12-A09
E12,E12-A06,E12-A11
E12,E12-A06,E12-A14
E12,E12-A06,E12-A15
E12,E12-A08,E12-A09
E12,E12-A08,E12-A11
E12,E12-A08,E12-A12
E12,E12-A08,E12-A13
E12,E12-A09,E12-A12
E12,E12-A09,E12-A15
E12,E12-A10,E12-A16
E12,E12-A11,E12-A15
E12,E12-A12,E12-A15
E12,E12-A15,E12-A16
E13,E13-A01,E13-A02
E13,E13-A01,E13-A03
E13,E13-A01,E13-A05
E13,E13-A01,E13-A07
E13,E13-A01,E13-A08
E13,E13-A01,E13-A09
E13,E13-A01,E13-A10
E13,E13-A01,E13-A11
E13,E13-A01,E13-A14
E13,E13-A01,E13-A16
E13,E13-A01,E13-A17
E13,E13-A01,E13-A18
E13,E13-A02,E13-A03
E13,E13-A02,E13-A04
E13,E13-A02,E13-A07
E13,E13-A02,E13-A09
E13,E13-A02,E13-A10
E13,E13-A02,E13-A14
E13,E13-A02,E13-A15
E13,E13-A02,E13-A17
E13,E13-A02,E13-A18
E13,E13-A03,E13-A05
E13,E13-A03,E13-A07
E13,E13-A03,E13-A08
E13,E13-A03,E13-A11
E13,E13-A03,E13-A12
E13,E13-A03,E13-A14
E13,E13-A03,E13-A15
E13,E13-A03,E13-A16
E13,E13-A03,E13-A17
E13,E13-A05,E13-A08
E13,E13-A05,E13-A10
E13,E13-A05,E13-A11
E13,E13-A05,E13-A14
E13,E13-A05,E13-A15
E13,E13-A05,E13-A17
E13,E13-A06,E13-A18
E13,E13-A07,E13-A08
E13,E13-A07,E13-A09
E13,E13-A07,E13-A11
E13,E13-A07,E13-A14
E13,E13-A07,E13-A15
E13,E13-A07,E13-A17
E13,E13-A07,E13-A18
E13,E13-A08,E13-A09
E13,E13-A08,E13-A11
E13,E13-A08,E13-A12
E13,E13-A08,E13-A14
E13,E13-A08,E13-A15
E13,E13-A08,E13-A16
E13,E13-A08,E13-A17
E13,E13-A08,E13-A18
E13,E13-A09,E13-A10
E13,E13-A09,E13-A11
E13,E13-A09,E13-A14
E13,E13-A09,E13-A15
E13,E13-A09,E13-A16
E13,E13-A09,E13-A17
E13,E13-A09,E13-A18
E13,E13-A10,E13-A14
E13,E13-A10,E13-A15
E13,E13-A10,E13-A16
E13,E13-A10,E13-A17
E13,E13-A11,E13-A14
E13,E13-A11,E13-A15
E13,E13-A11,E13-A16
E13,E13-A11,E13-A17
E13,E13-A11,E13-A18
E13,E13-A14,E13-A15
E13,E13-A15,E13-A16
E13,E13-A15,E13-A17
E13,E13-A15,E13-A18
E13,E13-A16,E13-A17
E14,E14-A01,E14-A02
E14,E14-A01,E14-A04
E14,E14-A01,E14-A09
E14,E14-A01,E14-A11
E14,E14-A01,E14-A12
E14,E14-A02,E14-A04
E14,E14-A02,E14-A05
E14,E14-A02,E14-A09
E14,E14-A02,E14-A10
E14,E14-A02,E14-A15
E14,E14-A03,E14-A06
E14,E14-A03,E14-A08
E14,E14-A03,E14-A13
E14,E14-A03,E14-A15
E14,E14-A04,E14-A09
E14,E14-A04,E14-A10
E14,E14-A04,E14-A11
E14,E14-A04,E14-A14
E14,E14-A05,E14-A09
E14,E14-A05,E14-A10
E14,E14-A05,E14-A11
E14,E14-A06,E14-A08
E14,E14-A06,E14-A11
E14,E14-A06,E14-A15
E14,E14-A07,E14-A08
E14,E14-A07,E14-A11
E14,E14-A07,E14-A13
E14,E14-A07,E14-A15
E14,E14-A08,E14-A13
E14,E14-A08,E14-A15
E14,E14-A09,E14-A10
E14,E14-A10,E14-A11
E14,E14-A10,E14-A14
E14,E14-A12,E14-A14
E14,E14-A13,E14-A14
E14,E14-A13,E14-A15
E15,E15-A01,E15-A02
E15,E15-A01,E15-A06
E15,E15-A01,E15-A07
E15,E15-A01,E15-A10
E15,E15-A01,E15-A11
E15,E15-A02,E15-A04
E15,E15-A02,E15-A10
E15,E15-A03,E15-A09
E15,E15-A03,E15-A13
E15,E15-A04,E15-A07
E15,E15-A04,E15-A09
E15,E15-A05,E15-A06
E15,E15-A05,E15-A11
E15,E15-A06,E15-A07
E15,E15-A06,E15-A09
E15,E15-A06,E15-A12
E15,E15-A07,E15-A10
E15,E15-A07,E15-A11
E15,E15-A08,E15-A13
E15,E15-A10,E15-A12
E15,E15-A11,E15-A12
E16,E16-A01,E16-A02
E16,E16-A01,E16-A03
E16,E16-A01,E16-A11
E16,E16-A01,E16-A14
E16,E16-A01,E16-A15
E16,E16-A01,E16-A17
E16,E16-A02,E16-A04
E16,E16-A02,E16-A09
E16,E16-A02,E16-A15
E16,E16-A02,E16-A16
E16,E16-A02,E16-A17
E16,E16-A02,E16-A19
E16,E16-A03,E16-A07
E16,E16-A03,E16-A10
E16,E16-A03,E16-A13
E16,E16-A03,E16-A16
E16,E16-A03,E16-A18
E16,E16-A04,E16-A07
E16,E16-A04,E16-A08
E16,E16-A04,E16-A09
E16,E16-A04,E16-A14
E16,E16-A04,E16-A15
E16,E16-A04,E16-A16
E16,E16-A04,E16-A18
E16,E16-A05,E16-A09
E16,E16-A05,E16-A14
E16,E16-A05,E16-A17
E16,E16-A06,E16-A20
E16,E16-A07,E16-A08
E16,E16-A07,E16-A09
E16,E16-A07,E16-A14
E16,E16-A07,E16-A16
E16,E16-A08,E16-A09
E16,E16-A08,E16-A14
E16,E16-A08,E16-A17
E16,E16-A09,E16-A14
E16,E16-A09,E16-A15
E16,E16-A09,E16-A16
E16,E16-A09,E16-A17
E16,E16-A10,E16-A13
E16,E16-A10,E16-A18
E16,E16-A10,E16-A20
E16,E16-A11,E16-A15
E16,E16-A12,E16-A19
E16,E16-A12,E16-A20
E16,E16-A13,E16-A15
E16,E16-A13,E16-A18
E16,E16-A14,E16-A15
E16,E16-A14,E16-A17
E16,E16-A15,E16-A16
E16,E16-A15,E16-A17
E16,E16-A15,E16-A19
E16,E16-A15,E16-A20
E16,E16-A17,E16-A19
E17,E17-A02,E17-A10
E17,E17-A02,E17-A13
E17,E17-A02,E17-A15
E17,E17-A04,E17-A15
E17,E17-A05,E17-A06
E17,E17-A05,E17-A07
E17,E17-A05,E17-A10
E17,E17-A05,E17-A13
E17,E17-A06,E17-A08
E17,E17-A06,E17-A09
E17,E17-A06,E17-A12
E17,E17-A06,E17-A13
E17,E17-A07,E17-A12
E17,E17-A07,E17-A13
E17,E17-A08,E17-A09
E17,E17-A08,E17-A10
E17,E17-A08,E17-A14
E17,E17-A08,E17-A15
E17,E17-A09,E17-A12
E17,E17-A09,E17-A15
E17,E17-A10,E17-A11
E17,E17-A10,E17-A12
E17,E17-A10,E17-A15
E17,E17-A14,E17-A15
E18,E18-A01,E18-A02
E18,E18-A01,E18-A04
E18,E18-A01,E18-A06
E18,E18-A01,E18-A09
E18,E18-A01,E18-A11
E18,E18-A01,E18-A14
E18,E18-A01,E18-A15
E18,E18-A01,E18-A18
E18,E18-A01,E18-A19
E18,E18-A02,E18-A06
E18,E18-A02,E18-A09
E18,E18-A02,E18-A11
E18,E18-A02,E18-A12
E18,E18-A02,E18-A13
E18,E18-A02,E18-A14
E18,E18-A03,E18-A07
E18,E18-A03,E18-A10
E18,E18-A04,E18-A06
E18,E18-A04,E18-A09
E18,E18-A04,E18-A12
E18,E18-A04,E18-A14
E18,E18-A04,E18-A15
E18,E18-A04,E18-A18
E18,E18-A04,E18-A19
E18,E18-A05,E18-A08
E18,E18-A05,E18-A10
E18,E18-A05,E18-A13
E18,E18-A05,E18-A16
E18,E18-A05,E18-A17
E18,E18-A06,E18-A09
E18,E18-A06,E18-A11
E18,E18-A06,E18-A12
E18,E18-A06,E18-A14
E18,E18-A06,E18-A15
E18,E18-A06,E18-A19
E18,E18-A07,E18-A08
E18,E18-A08,E18-A09
E18,E18-A08,E18-A10
E18,E18-A08,E18-A13
E18,E18-A08,E18-A15
E18,E18-A08,E18-A16
E18,E18-A09,E18-A10
E18,E18-A09,E18-A11
E18,E18-A09,E18-A12
E18,E18-A09,E18-A14
E18,E18-A09,E18-A15
E18,E18-A09,E18-A18
E18,E18-A09,E18-A19
E18,E18-A10,E18-A11
E18,E18-A10,E18-A12
E18,E18-A10,E18-A13
E18,E18-A10,E18-A18
E18,E18-A11,E18-A12
E18,E18-A11,E18-A14
E18,E18-A11,E18-A15
E18,E18-A11,E18-A18
E18,E18-A12,E18-A14
E18,E18-A12,E18-A15
E18,E18-A12,E18-A19
E18,E18-A13,E18-A16
E18,E18-A14,E18-A15
E18,E18-A14,E18-A18
E18,E18-A15,E18-A18
E18,E18-A15,E18-A19
E18,E18-A18,E18-A19
E19,E19-A01,E19-A04
E19,E19-A01,E19-A12
E19,E19-A01,E19-A13
E19,E19-A02,E19-A06
E19,E19-A02,E19-A07
E19,E19-A02,E19-A11
E19,E19-A02,E19-A14
E19,E19-A03,E19-A05
E19,E19-A03,E19-A08
E19,E19-A03,E19-A15
E19,E19-A05,E19-A07
E19,E19-A05,E19-A08
E19,E19-A05,E19-A10
E19,E19-A05,E19-A11
E19,E19-A05,E19-A13
E19,E19-A05,E19-A16
E19,E19-A06,E19-A07
E19,E19-A06,E19-A10
E19,E19-A06,E19-A11
E19,E19-A06,E19-A12
E19,E19-A07,E19-A10
E19,E19-A08,E19-A09
E19,E19-A08,E19-A15
E19,E19-A08,E19-A16
E19,E19-A09,E19-A15
E19,E19-A09,E19-A16
E19,E19-A10,E19-A11
E19,E19-A10,E19-A13
E19,E19-A12,E19-A13
E19,E19-A12,E19-A14
E19,E19-A13,E19-A14
E19,E19-A13,E19-A16
E19,E19-A15,E19-A16
E20,E20-A01,E20-A05
E20,E20-A01,E20-A11
E20,E20-A01,E20-A14
E20,E20-A02,E20-A04
E20,E20-A03,E20-A09
E20,E20-A04,E20-A06
E20,E20-A04,E20-A10
E20,E20-A04,E20-A11
E20,E20-A04,E20-A12
E20,E20-A05,E20-A07
E20,E20-A05,E20-A09
E20,E20-A06,E20-A08
E20,E20-A06,E20-A11
E20,E20-A06,E20-A14
E20,E20-A07,E20-A10
E20,E20-A08,E20-A13
E20,E20-A11,E20-A14
E21,E21-A01,E21-A04
E21,E21-A01,E21-A09
E21,E21-A02,E21-A08
E21,E21-A02,E21-A14
E21,E21-A03,E21-A07
E21,E21-A04,E21-A05
E21,E21-A04,E21-A07
E21,E21-A04,E21-A08
E21,E21-A04,E21-A12
E21,E21-A04,E21-A15
E21,E21-A05,E21-A09
E21,E21-A05,E21-A12
E21,E21-A05,E21-A15
E21,E21-A06,E21-A14
E21,E21-A06,E21-A16
E21,E21-A07,E21-A11
E21,E21-A07,E21-A13
E21,E21-A08,E21-A12
E21,E21-A09,E21-A17
E21,E21-A10,E21-A16
E21,E21-A12,E21-A15
E21,E21-A13,E21-A16
E21,E21-A15,E21-A17
E22,E22-A01,E22-A02
E22,E22-A01,E22-A04
E22,E22-A01,E22-A05
E22,E22-A01,E22-A06
E22,E22-A01,E22-A09
E22,E22-A01,E22-A10
E22,E22-A01,E22-A12
E22,E22-A01,E22-A13
E22,E22-A01,E22-A14
E22,E22-A01,E22-A18
E22,E22-A01,E22-A20
E22,E22-A02,E22-A05
E22,E22-A02,E22-A06
E22,E22-A02,E22-A09
E22,E22-A02,E22-A10
E22,E22-A02,E22-A13
E22,E22-A02,E22-A15
E22,E22-A02,E22-A20
E22,E22-A03,E22-A04
E22,E22-A03,E22-A09
E22,E22-A03,E22-A13
E22,E22-A04,E22-A20
E22,E22-A05,E22-A06
E22,E22-A05,E22-A10
E22,E22-A05,E22-A13
E22,E22-A05,E22-A14
E22,E22-A05,E22-A15
E22,E22-A05,E22-A17
E22,E22-A05,E22-A18
E22,E22-A06,E22-A09
E22,E22-A06,E22-A10
E22,E22-A06,E22-A11
E22,E22-A06,E22-A12
E22,E22-A06,E22-A13
E22,E22-A06,E22-A14
E22,E22-A06,E22-A15
E22,E22-A06,E22-A16
E22,E22-A06,E22-A18
E22,E22-A06,E22-A20
E22,E22-A07,E22-A12
E22,E22-A07,E22-A17
E22,E22-A07,E22-A20
E22,E22-A08,E22-A09
E22,E22-A09,E22-A10
E22,E22-A09,E22-A11
E22,E22-A09,E22-A12
E22,E22-A09,E22-A13
E22,E22-A09,E22-A14
E22,E22-A09,E22-A15
E22,E22-A09,E22-A16
E22,E22-A09,E22-A18
E22,E22-A10,E22-A13
E22,E22-A10,E22-A14
E22,E22-A10,E22-A15
E22,E22-A10,E22-A18
E22,E22-A10,E22-A20
E22,E22-A11,E22-A13
E22,E22-A11,E22-A14
E22,E22-A11,E22-A15
E22,E22-A11,E22-A16
E22,E22-A11,E22-A18
E22,E22-A12,E22-A13
E22,E22-A12,E22-A14
E22,E22-A12,E22-A15
E22,E22-A12,E22-A16
E22,E22-A12,E22-A20
E22,E22-A13,E22-A14
E22,E22-A13,E22-A15
E22,E22-A13,E22-A18
E22,E22-A13,E22-A20
E22,E22-A14,E22-A15
E22,E22-A14,E22-A16
E22,E22-A14,E22-A17
E22,E22-A14,E22-A18
E22,E22-A14,E22-A20
E22,E22-A15,E22-A16
E22,E22-A15,E22-A18
E22,E22-A16,E22-A18
E22,E22-A16,E22-A19
E22,E22-A16,E22-A20
E23,E23-A01,E23-A05
E23,E23-A01,E23-A06
E23,E23-A01,E23-A09
E23,E23-A01,E23-A13
E23,E23-A01,E23-A14
E23,E23-A01,E23-A17
E23,E23-A02,E23-A06
E23,E23-A02,E23-A07
E23,E23-A02,E23-A08
E23,E23-A02,E23-A09
E23,E23-A02,E23-A14
E23,E23-A02,E23-A19
E23,E23-A03,E23-A05
E23,E23-A03,E23-A07
E23,E23-A03,E23-A08
E23,E23-A03,E23-A10
E23,E23-A03,E23-A14
E23,E23-A03,E23-A19
E23,E23-A04,E23-A07
E23,E23-A05,E23-A08
E23,E23-A05,E23-A10
E23,E23-A05,E23-A14
E23,E23-A05,E23-A18
E23,E23-A05,E23-A19
E23,E23-A06,E23-A08
E23,E23-A06,E23-A10
E23,E23-A06,E23-A13
E23,E23-A06,E23-A19
E23,E23-A07,E23-A08
E23,E23-A07,E23-A09
E23,E23-A07,E23-A10
E23,E23-A07,E23-A13
E23,E23-A07,E23-A14
E23,E23-A07,E23-A18
E23,E23-A07,E23-A19
E23,E23-A08,E23-A09
E23,E23-A08,E23-A10
E23,E23-A08,E23-A12
E23,E23-A08,E23-A16
E23,E23-A08,E23-A17
E23,E23-A09,E23-A17
E23,E23-A09,E23-A19
E23,E23-A10,E23-A12
E23,E23-A10,E23-A13
E23,E23-A10,E23-A14
E23,E23-A10,E23-A17
E23,E23-A11,E23-A14
E23,E23-A11,E23-A17
E23,E23-A12,E23-A16
E23,E23-A14,E23-A17
E23,E23-A14,E23-A19
E23,E23-A15,E23-A16
E23,E23-A15,E23-A18
E23,E23-A17,E23-A19
E23,E23-A18,E23-A19
E24,E24-A01,E24-A03
E24,E24-A01,E24-A04
E24,E24-A01,E24-A07
E24,E24-A02,E24-A03
E24,E24-A02,E24-A05
E24,E24-A02,E24-A06
E24,E24-A02,E24-A10
E24,E24-A02,E24-A11
E24,E24-A02,E24-A12
E24,E24-A02,E24-A13
E24,E24-A02,E24-A14
E24,E24-A02,E24-A17
E24,E24-A02,E24-A18
E24,E24-A02,E24-A19
E24,E24-A03,E24-A04
E24,E24-A03,E24-A05
E24,E24-A03,E24-A06
E24,E24-A03,E24-A10
E24,E24-A03,E24-A11
E24,E24-A03,E24-A12
E24,E24-A03,E24-A13
E24,E24-A03,E24-A14
E24,E24-A03,E24-A17
E24,E24-A03,E24-A18
E24,E24-A04,E24-A05
E24,E24-A04,E24-A10
E24,E24-A04,E24-A11
E24,E24-A04,E24-A17
E24,E24-A04,E24-A19
E24,E24-A05,E24-A06
E24,E24-A05,E24-A10
E24,E24-A05,E24-A11
E24,E24-A05,E24-A12
E24,E24-A05,E24-A13
E24,E24-A05,E24-A17
E24,E24-A05,E24-A18
E24,E24-A05,E24-A19
E24,E24-A06,E24-A09
E24,E24-A06,E24-A10
E24,E24-A06,E24-A12
E24,E24-A06,E24-A13
E24,E24-A06,E24-A14
E24,E24-A06,E24-A17
E24,E24-A06,E24-A18
E24,E24-A06,E24-A19
E24,E24-A07,E24-A08
E24,E24-A07,E24-A09
E24,E24-A07,E24-A10
E24,E24-A07,E24-A13
E24,E24-A07,E24-A17
E24,E24-A08,E24-A11
E24,E24-A08,E24-A15
E24,E24-A08,E24-A16
E24,E24-A10,E24-A11
E24,E24-A10,E24-A12
E24,E24-A10,E24-A13
E24,E24-A10,E24-A14
E24,E24-A10,E24-A17
E24,E24-A10,E24-A18
E24,E24-A11,E24-A12
E24,E24-A11,E24-A13
E24,E24-A11,E24-A14
E24,E24-A11,E24-A17
E24,E24-A11,E24-A18
E24,E24-A11,E24-A19
E24,E24-A12,E24-A13
E24,E24-A12,E24-A14
E24,E24-A12,E24-A16
E24,E24-A12,E24-A19
E24,E24-A13,E24-A14
E24,E24-A13,E24-A19
E24,E24-A14,E24-A17
E24,E24-A14,E24-A18
E24,E24-A14,E24-A19
E24,E24-A15,E24-A16
E24,E24-A17,E24-A18
E24,E24-A17,E24-A19
E25,E25-A01,E25-A02
E25,E25-A01,E25-A04
E25,E25-A01,E25-A05
E25,E25-A01,E25-A07
E25,E25-A01,E25-A09
E25,E25-A02,E25-A05
E25,E25-A02,E25-A07
E25,E25-A02,E25-A11
E25,E25-A03,E25-A05
E25,E25-A03,E25-A06
E25,E25-A03,E25-A13
E25,E25-A04,E25-A05
E25,E25-A04,E25-A12
E25,E25-A05,E25-A07
E25,E25-A05,E25-A11
E25,E25-A06,E25-A08
E25,E25-A06,E25-A09
E25,E25-A06,E25-A13
E25,E25-A07,E25-A11
E25,E25-A08,E25-A09
E25,E25-A08,E25-A10
E25,E25-A08,E25-A13
E25,E25-A09,E25-A10
E25,E25-A09,E25-A12
E25,E25-A09,E25-A13
E25,E25-A10,E25-A13
E26,E26-A01,E26-A05
E26,E26-A01,E26-A06
E26,E26-A01,E26-A08
E26,E26-A01,E26-A10
E26,E26-A01,E26-A11
E26,E26-A01,E26-A12
E26,E26-A01,E26-A13
E26,E26-A01,E26-A14
E26,E26-A01,E26-A15
E26,E26-A01,E26-A16
E26,E26-A01,E26-A17
E26,E26-A01,E26-A18
E26,E26-A02,E26-A06
E26,E26-A02,E26-A08
E26,E26-A02,E26-A09
E26,E26-A02,E26-A11
E26,E26-A02,E26-A12
E26,E26-A02,E26-A13
E26,E26-A02,E26-A14
E26,E26-A02,E26-A15
E26,E26-A02,E26-A17
E26,E26-A02,E26-A18
E26,E26-A03,E26-A07
E26,E26-A04,E26-A05
E26,E26-A04,E26-A06
E26,E26-A04,E26-A08
E26,E26-A04,E26-A09
E26,E26-A04,E26-A11
E26,E26-A04,E26-A12
E26,E26-A04,E26-A13
E26,E26-A04,E26-A14
E26,E26-A04,E26-A15
E26,E26-A04,E26-A16
E26,E26-A04,E26-A17
E26,E26-A04,E26-A18
E26,E26-A05,E26-A06
E26,E26-A05,E26-A08
E26,E26-A05,E26-A10
E26,E26-A05,E26-A11
E26,E26-A05,E26-A12
E26,E26-A05,E26-A13
E26,E26-A05,E26-A14
E26,E26-A05,E26-A15
E26,E26-A05,E26-A16
E26,E26-A05,E26-A17
E26,E26-A05,E26-A18
E26,E26-A06,E26-A08
E26,E26-A06,E26-A10
E26,E26-A06,E26-A11
E26,E26-A06,E26-A12
E26,E26-A06,E26-A13
E26,E26-A06,E26-A14
E26,E26-A06,E26-A16
E26,E26-A06,E26-A17
E26,E26-A07,E26-A08
E26,E26-A07,E26-A13
E26,E26-A08,E26-A09
E26,E26-A08,E26-A12
E26,E26-A08,E26-A13
E26,E26-A08,E26-A14
E26,E26-A08,E26-A15
E26,E26-A08,E26-A16
E26,E26-A08,E26-A17
E26,E26-A08,E26-A18
E26,E26-A09,E26-A10
E26,E26-A09,E26-A11
E26,E26-A09,E26-A12
E26,E26-A09,E26-A14
E26,E26-A09,E26-A15
E26,E26-A09,E26-A16
E26,E26-A09,E26-A18
E26,E26-A10,E26-A11
E26,E26-A10,E26-A12
E26,E26-A10,E26-A13
E26,E26-A10,E26-A14
E26,E26-A10,E26-A15
E26,E26-A10,E26-A16
E26,E26-A10,E26-A17
E26,E26-A10,E26-A18
E26,E26-A11,E26-A12
E26,E26-A11,E26-A13
E26,E26-A11,E26-A14
E26,E26-A11,E26-A15
E26,E26-A11,E26-A17
E26,E26-A11,E26-A18
E26,E26-A12,E26-A15
E26,E26-A12,E26-A16
E26,E26-A12,E26-A17
E26,E26-A13,E26-A14
E26,E26-A13,E26-A15
E26,E26-A13,E26-A18
E26,E26-A14,E26-A15
E26,E26-A14,E26-A16
E26,E26-A14,E26-A18
E26,E26-A15,E26-A16
E26,E26-A15,E26-A17
E26,E26-A15,E26-A18
E26,E26-A16,E26-A17
E26,E26-A16,E26-A18
E26,E26-A17,E26-A18
E27,E27-A01,E27-A09
E27,E27-A03,E27-A04
E27,E27-A03,E27-A05
E27,E27-A03,E27-A08
E27,E27-A03,E27-A12
E27,E27-A04,E27-A06
E27,E27-A04,E27-A08
E27,E27-A04,E27-A09
E27,E27-A05,E27-A07
E27,E27-A05,E27-A09
E27,E27-A05,E27-A10
E27,E27-A06,E27-A08
E27,E27-A06,E27-A09
E27,E27-A06,E27-A12
E27,E27-A07,E27-A11
E27,E27-A07,E27-A13
E27,E27-A08,E27-A09
E27,E27-A08,E27-A12
E27,E27-A09,E27-A12
E28,E28-A01,E28-A03
E28,E28-A01,E28-A06
E28,E28-A01,E28-A07
E28,E28-A01,E28-A08
E28,E28-A02,E28-A03
E28,E28-A02,E28-A05
E28,E28-A02,E28-A08
E28,E28-A02,E28-A11
E28,E28-A02,E28-A13
E28,E28-A03,E28-A06
E28,E28-A03,E28-A07
E28,E28-A03,E28-A09
E28,E28-A03,E28-A14
E28,E28-A04,E28-A12
E28,E28-A05,E28-A08
E28,E28-A05,E28-A09
E28,E28-A05,E28-A11
E28,E28-A06,E28-A07
E28,E28-A06,E28-A10
E28,E28-A07,E28-A09
E28,E28-A07,E28-A10
E28,E28-A08,E28-A11
E28,E28-A08,E28-A13
E28,E28-A09,E28-A10
E28,E28-A09,E28-A14
E28,E28-A10,E28-A14
E28,E28-A11,E28-A13
E29,E29-A01,E29-A12
E29,E29-A02,E29-A07
E29,E29-A02,E29-A11
E29,E29-A02,E29-A12
E29,E29-A02,E29-A13
E29,E29-A03,E29-A04
E29,E29-A03,E29-A05
E29,E29-A03,E29-A06
E29,E29-A03,E29-A08
E29,E29-A03,E29-A09
E29,E29-A04,E29-A06
E29,E29-A04,E29-A08
E29,E29-A06,E29-A07
E29,E29-A07,E29-A11
E29,E29-A11,E29-A12
E30,E30-A01,E30-A10
E30,E30-A01,E30-A12
E30,E30-A02,E30-A06
E30,E30-A02,E30-A09
E30,E30-A02,E30-A12
E30,E30-A03,E30-A07
E30,E30-A04,E30-A08
E30,E30-A04,E30-A09
E30,E30-A07,E30-A09
E30,E30-A08,E30-A09
E30,E30-A08,E30-A10
E30,E30-A09,E30-A11
E30,E30-A09,E30-A12
E30,E30-A10,E30-A12
E30,E30-A11,E30-A12
E31,E31-A01,E31-A04
E31,E31-A01,E31-A06
E31,E31-A01,E31-A07
E31,E31-A01,E31-A08
E31,E31-A01,E31-A11
E31,E31-A01,E31-A12
E31,E31-A03,E31-A13
E31,E31-A04,E31-A05
E31,E31-A04,E31-A07
E31,E31-A04,E31-A08
E31,E31-A04,E31-A11
E31,E31-A04,E31-A16
E31,E31-A05,E31-A11
E31,E31-A05,E31-A12
E31,E31-A05,E31-A16
E31,E31-A06,E31-A07
E31,E31-A06,E31-A08
E31,E31-A06,E31-A11
E31,E31-A07,E31-A08
E31,E31-A07,E31-A11
E31,E31-A07,E31-A12
E31,E31-A07,E31-A15
E31,E31-A07,E31-A16
E31,E31-A08,E31-A11
E31,E31-A08,E31-A12
E31,E31-A08,E31-A16
E31,E31-A09,E31-A13
E31,E31-A09,E31-A14
E31,E31-A10,E31-A13
E31,E31-A15,E31-A16
E32,E32-A01,E32-A02
E32,E32-A01,E32-A05
E32,E32-A01,E32-A08
E32,E32-A01,E32-A11
E32,E32-A01,E32-A12
E32,E32-A01,E32-A13
E32,E32-A01,E32-A16
E32,E32-A01,E32-A18
E32,E32-A01,E32-A19
E32,E32-A02,E32-A05
E32,E32-A02,E32-A08
E32,E32-A02,E32-A13
E32,E32-A02,E32-A15
E32,E32-A02,E32-A16
E32,E32-A02,E32-A17
E32,E32-A02,E32-A18
E32,E32-A02,E32-A19
E32,E32-A04,E32-A19
E32,E32-A05,E32-A07
E32,E32-A05,E32-A11
E32,E32-A05,E32-A12
E32,E32-A05,E32-A13
E32,E32-A05,E32-A15
E32,E32-A05,E32-A16
E32,E32-A05,E32-A17
E32,E32-A05,E32-A18
E32,E32-A05,E32-A19
E32,E32-A06,E32-A10
E32,E32-A07,E32-A09
E32,E32-A07,E32-A12
E32,E32-A07,E32-A15
E32,E32-A08,E32-A11
E32,E32-A08,E32-A12
E32,E32-A08,E32-A13
E32,E32-A08,E32-A15
E32,E32-A08,E32-A16
E32,E32-A08,E32-A18
E32,E32-A09,E32-A10
E32,E32-A09,E32-A14
E32,E32-A10,E32-A13
E32,E32-A11,E32-A12
E32,E32-A11,E32-A13
E32,E32-A11,E32-A15
E32,E32-A11,E32-A16
E32,E32-A11,E32-A17
E32,E32-A11,E32-A19
E32,E32-A12,E32-A13
E32,E32-A12,E32-A15
E32,E32-A12,E32-A17
E32,E32-A12,E32-A19
E32,E32-A13,E32-A15
E32,E32-A13,E32-A16
E32,E32-A13,E32-A17
E32,E32-A13,E32-A18
E32,E32-A15,E32-A16
E32,E32-A15,E32-A17
E32,E32-A15,E32-A18
E32,E32-A15,E32-A19
E32,E32-A16,E32-A17
E32,E32-A16,E32-A18
E32,E32-A16,E32-A19
E32,E32-A17,E32-A18
E32,E32-A17,E32-A19
E32,E32-A18,E32-A19
E33,E33-A01,E33-A07
E33,E33-A01,E33-A09
E33,E33-A02,E33-A08
E33,E33-A02,E33-A12
E33,E33-A02,E33-A14
E33,E33-A03,E33-A10
E33,E33-A03,E33-A16
E33,E33-A03,E33-A18
E33,E33-A04,E33-A06
E33,E33-A04,E33-A08
E33,E33-A04,E33-A17
E33,E33-A05,E33-A07
E33,E33-A05,E33-A08
E33,E33-A05,E33-A12
E33,E33-A05,E33-A14
E33,E33-A05,E33-A15
E33,E33-A06,E33-A07
E33,E33-A07,E33-A09
E33,E33-A07,E33-A12
E33,E33-A08,E33-A10
E33,E33-A08,E33-A12
E33,E33-A10,E33-A14
E33,E33-A10,E33-A16
E33,E33-A10,E33-A18
E33,E33-A11,E33-A15
E33,E33-A12,E33-A14
E33,E33-A13,E33-A16
E33,E33-A13,E33-A18
E34,E34-A01,E34-A02
E34,E34-A01,E34-A03
E34,E34-A01,E34-A07
E34,E34-A01,E34-A09
E34,E34-A01,E34-A10
E34,E34-A01,E34-A11
E34,E34-A01,E34-A12
E34,E34-A01,E34-A13
E34,E34-A01,E34-A14
E34,E34-A02,E34-A03
E34,E34-A02,E34-A05
E34,E34-A02,E34-A07
E34,E34-A02,E34-A09
E34,E34-A02,E34-A10
E34,E34-A02,E34-A11
E34,E34-A02,E34-A12
E34,E34-A02,E34-A13
E34,E34-A03,E34-A05
E34,E34-A03,E34-A07
E34,E34-A03,E34-A09
E34,E34-A03,E34-A10
E34,E34-A03,E34-A12
E34,E34-A03,E34-A13
E34,E34-A04,E34-A06
E34,E34-A04,E34-A10
E34,E34-A04,E34-A14
E34,E34-A05,E34-A07
E34,E34-A05,E34-A08
E34,E34-A05,E34-A09
E34,E34-A05,E34-A10
E34,E34-A05,E34-A11
E34,E34-A05,E34-A12
E34,E34-A06,E34-A08
E34,E34-A06,E34-A13
E34,E34-A07,E34-A09
E34,E34-A07,E34-A10
E34,E34-A07,E34-A11
E34,E34-A07,E34-A13
E34,E34-A08,E34-A14
E34,E34-A09,E34-A10
E34,E34-A09,E34-A11
E34,E34-A09,E34-A12
E34,E34-A09,E34-A13
E34,E34-A10,E34-A11
E34,E34-A10,E34-A13
E34,E34-A11,E34-A13
E34,E34-A12,E34-A13
E35,E35-A01,E35-A03
E35,E35-A01,E35-A06
E35,E35-A01,E35-A08
E35,E35-A01,E35-A09
E35,E35-A01,E35-A10
E35,E35-A01,E35-A11
E35,E35-A01,E35-A12
E35,E35-A01,E35-A14
E35,E35-A02,E35-A04
E35,E35-A02,E35-A07
E35,E35-A02,E35-A09
E35,E35-A02,E35-A15
E35,E35-A02,E35-A16
E35,E35-A02,E35-A17
E35,E35-A03,E35-A06
E35,E35-A03,E35-A08
E35,E35-A03,E35-A09
E35,E35-A03,E35-A10
E35,E35-A03,E35-A11
E35,E35-A03,E35-A12
E35,E35-A03,E35-A13
E35,E35-A03,E35-A14
E35,E35-A04,E35-A05
E35,E35-A04,E35-A07
E35,E35-A04,E35-A11
E35,E35-A04,E35-A13
E35,E35-A04,E35-A15
E35,E35-A04,E35-A16
E35,E35-A06,E35-A08
E35,E35-A06,E35-A09
E35,E35-A07,E35-A09
E35,E35-A07,E35-A15
E35,E35-A07,E35-A16
E35,E35-A08,E35-A09
E35,E35-A08,E35-A10
E35,E35-A08,E35-A11
E35,E35-A09,E35-A10
E35,E35-A09,E35-A11
E35,E35-A09,E35-A12
E35,E35-A09,E35-A14
E35,E35-A09,E35-A16
E35,E35-A10,E35-A11
E35,E35-A10,E35-A12
E35,E35-A10,E35-A14
E35,E35-A11,E35-A12
E35,E35-A11,E35-A14
E35,E35-A11,E35-A16
E35,E35-A12,E35-A14
E35,E35-A13,E35-A17
E35,E35-A15,E35-A17
E35,E35-A16,E35-A17
E36,E36-A01,E36-A18
E36,E36-A02,E36-A06
E36,E36-A02,E36-A08
E36,E36-A02,E36-A09
E36,E36-A02,E36-A10
E36,E36-A02,E36-A12
E36,E36-A03,E36-A14
E36,E36-A04,E36-A10
E36,E36-A04,E36-A11
E36,E36-A04,E36-A13
E36,E36-A05,E36-A06
E36,E36-A05,E36-A07
E36,E36-A05,E36-A08
E36,E36-A05,E36-A09
E36,E36-A05,E36-A10
E36,E36-A05,E36-A12
E36,E36-A05,E36-A16
E36,E36-A06,E36-A08
E36,E36-A06,E36-A12
E36,E36-A06,E36-A14
E36,E36-A06,E36-A15
E36,E36-A07,E36-A08
E36,E36-A07,E36-A16
E36,E36-A07,E36-A17
E36,E36-A08,E36-A09
E36,E36-A08,E36-A12
E36,E36-A08,E36-A16
E36,E36-A08,E36-A17
E36,E36-A08,E36-A18
E36,E36-A09,E36-A12
E36,E36-A09,E36-A16
E36,E36-A10,E36-A11
E36,E36-A10,E36-A13
E36,E36-A12,E36-A16
E36,E36-A14,E36-A17
E36,E36-A15,E36-A18
E37,E37-A01,E37-A02
E37,E37-A01,E37-A03
E37,E37-A01,E37-A04
E37,E37-A01,E37-A07
E37,E37-A01,E37-A08
E37,E37-A01,E37-A09
E37,E37-A01,E37-A10
E37,E37-A01,E37-A11
E37,E37-A01,E37-A12
E37,E37-A01,E37-A13
E37,E37-A01,E37-A14
E37,E37-A01,E37-A15
E37,E37-A02,E37-A03
E37,E37-A02,E37-A04
E37,E37-A02,E37-A05
E37,E37-A02,E37-A08
E37,E37-A02,E37-A10
E37,E37-A02,E37-A11
E37,E37-A02,E37-A12
E37,E37-A02,E37-A13
E37,E37-A02,E37-A15
E37,E37-A03,E37-A04
E37,E37-A03,E37-A08
E37,E37-A03,E37-A10
E37,E37-A03,E37-A11
E37,E37-A03,E37-A12
E37,E37-A03,E37-A13
E37,E37-A03,E37-A14
E37,E37-A03,E37-A15
E37,E37-A04,E37-A08
E37,E37-A04,E37-A10
E37,E37-A04,E37-A11
E37,E37-A04,E37-A12
E37,E37-A04,E37-A13
E37,E37-A04,E37-A15
E37,E37-A05,E37-A09
E37,E37-A05,E37-A11
E37,E37-A05,E37-A16
E37,E37-A06,E37-A08
E37,E37-A06,E37-A09
E37,E37-A06,E37-A16
E37,E37-A07,E37-A10
E37,E37-A08,E37-A10
E37,E37-A08,E37-A12
E37,E37-A08,E37-A13
E37,E37-A09,E37-A12
E37,E37-A09,E37-A14
E37,E37-A10,E37-A11
E37,E37-A10,E37-A13
E37,E37-A10,E37-A15
E37,E37-A11,E37-A12
E37,E37-A11,E37-A13
E37,E37-A11,E37-A15
E37,E37-A12,E37-A13
E37,E37-A12,E37-A15
E37,E37-A13,E37-A15
E38,E38-A01,E38-A02
E38,E38-A01,E38-A10
E38,E38-A02,E38-A07
E38,E38-A04,E38-A05
E38,E38-A04,E38-A11
E38,E38-A05,E38-A06
E38,E38-A05,E38-A09
E38,E38-A05,E38-A11
E38,E38-A05,E38-A12
E38,E38-A07,E38-A12
E38,E38-A09,E38-A12
E38,E38-A10,E38-A12
E39,E39-A01,E39-A04
E39,E39-A01,E39-A05
E39,E39-A01,E39-A06
E39,E39-A01,E39-A07
E39,E39-A01,E39-A08
E39,E39-A01,E39-A10
E39,E39-A01,E39-A12
E39,E39-A01,E39-A15
E39,E39-A01,E39-A16
E39,E39-A02,E39-A14
E39,E39-A03,E39-A09
E39,E39-A04,E39-A05
E39,E39-A04,E39-A07
E39,E39-A04,E39-A08
E39,E39-A04,E39-A10
E39,E39-A04,E39-A12
E39,E39-A04,E39-A15
E39,E39-A04,E39-A16
E39,E39-A04,E39-A17
E39,E39-A05,E39-A06
E39,E39-A05,E39-A08
E39,E39-A05,E39-A10
E39,E39-A05,E39-A12
E39,E39-A05,E39-A16
E39,E39-A05,E39-A17
E39,E39-A06,E39-A07
E39,E39-A06,E39-A08
E39,E39-A06,E39-A10
E39,E39-A06,E39-A12
E39,E39-A06,E39-A16
E39,E39-A06,E39-A17
E39,E39-A07,E39-A08
E39,E39-A07,E39-A09
E39,E39-A07,E39-A12
E39,E39-A07,E39-A15
E39,E39-A07,E39-A16
E39,E39-A07,E39-A17
E39,E39-A08,E39-A10
E39,E39-A08,E39-A11
E39,E39-A08,E39-A12
E39,E39-A08,E39-A15
E39,E39-A08,E39-A16
E39,E39-A08,E39-A17
E39,E39-A09,E39-A14
E39,E39-A10,E39-A12
E39,E39-A10,E39-A14
E39,E39-A10,E39-A15
E39,E39-A10,E39-A16
E39,E39-A10,E39-A17
E39,E39-A11,E39-A15
E39,E39-A12,E39-A15
E39,E39-A12,E39-A16
E39,E39-A12,E39-A17
E39,E39-A15,E39-A16
E39,E39-A15,E39-A17
E39,E39-A16,E39-A17
E40,E40-A01,E40-A02
E40,E40-A01,E40-A05
E40,E40-A01,E40-A07
E40,E40-A01,E40-A12
E40,E40-A01,E40-A13
E40,E40-A01,E40-A17
E40,E40-A01,E40-A18
E40,E40-A02,E40-A05
E40,E40-A02,E40-A07
E40,E40-A02,E40-A13
E40,E40-A02,E40-A14
E40,E40-A02,E40-A17
E40,E40-A03,E40-A05
E40,E40-A03,E40-A07
E40,E40-A03,E40-A12
E40,E40-A03,E40-A17
E40,E40-A04,E40-A09
E40,E40-A04,E40-A12
E40,E40-A04,E40-A13
E40,E40-A05,E40-A07
E40,E40-A05,E40-A10
E40,E40-A05,E40-A17
E40,E40-A05,E40-A18
E40,E40-A06,E40-A08
E40,E40-A07,E40-A09
E40,E40-A07,E40-A12
E40,E40-A07,E40-A13
E40,E40-A07,E40-A14
E40,E40-A08,E40-A18
E40,E40-A09,E40-A11
E40,E40-A09,E40-A14
E40,E40-A09,E40-A17
E40,E40-A09,E40-A18
E40,E40-A10,E40-A15
E40,E40-A11,E40-A12
E40,E40-A11,E40-A13
E40,E40-A11,E40-A14
E40,E40-A11,E40-A17
E40,E40-A11,E40-A18
E40,E40-A12,E40-A16
E40,E40-A13,E40-A14
E40,E40-A14,E40-A16
E40,E40-A16,E40-A17
