ego,genero,edad,apoyo,empleo_por_contactos
E01,mujer,59,4.6,sí
E02,hombre,47,5.5,sí
E03,hombre,39,6.4,sí
E04,hombre,61,3.4,sí
E05,hombre,38,5.0,sí
E06,mujer,39,6.5,no
E07,mujer,38,5.3,sí
E08,hombre,55,4.5,sí
E09,mujer,53,7.3,sí
E10,hombre,45,3.4,sí
E11,hombre,65,4.8,sí
E12,mujer,66,2.6,sí
E13,hombre,25,7.5,no
E14,mujer,31,6.2,sí
E15,mujer,48,3.7,sí
E16,hombre,63,5.3,no
E17,hombre,66,4.8,sí
E18,hombre,60,5.0,no
E19,hombre,26,5.5,sí
E20,mujer,68,4.3,sí
E21,hombre,63,3.8,sí
E22,mujer,67,6.3,no
E23,mujer,39,3.6,sí
E24,mujer,36,5.7,no
E25,hombre,27,7.0,sí
E26,mujer,50,8.3,no
E27,mujer,48,3.0,sí
E28,mujer,64,5.7,no
E29,mujer,37,3.8,sí
E30,hombre,70,4.0,sí
E31,mujer,25,4.7,sí
E32,mujer,46,6.9,no
E33,mujer,25,4.3,sí
E34,hombre,43,5.8,no
E35,mujer,55,6.3,no
E36,mujer,67,6.3,sí
E37,mujer,52,5.9,no
E38,hombre,21,5.3,sí
E39,hombre,42,7.0,no
E40,hombre,28,4.6,no
