ego,alter,relacion,genero
E01,E01-A01,trabajo,hombre
E01,E01-A02,trabajo,hombre
E01,E01-A03,amistad,hombre
E01,E01-A04,trabajo,hombre
E01,E01-A05,amistad,hombre
E01,E01-A06,familia,mujer
E01,E01-A07,familia,hombre
E01,E01-A08,amistad,mujer
E01,E01-A09,familia,hombre
E01,E01-A10,familia,hombre
E01,E01-A11,trabajo,hombre
E01,E01-A12,amistad,mujer
E01,E01-A13,amistad,hombre
E02,E02-A01,amistad,hombre
E02,E02-A02,vecindad,hombre
E02,E02-A03,familia,hombre
E02,E02-A04,amistad,mujer
E02,E02-A05,familia,mujer
E02,E02-A06,familia,hombre
E02,E02-A07,amistad,mujer
E02,E02-A08,vecindad,mujer
E02,E02-A09,trabajo,hombre
E02,E02-A10,familia,mujer
E02,E02-A11,familia,mujer
E02,E02-A12,amistad,hombre
E02,E02-A13,vecindad,hombre
E02,E02-A14,amistad,mujer
E02,E02-A15,vecindad,mujer
E03,E03-A01,familia,mujer
E03,E03-A02,amistad,mujer
E03,E03-A03,familia,mujer
E03,E03-A04,vecindad,mujer
E03,E03-A05,trabajo,mujer
E03,E03-A06,familia,mujer
E03,E03-A07,trabajo,hombre
E03,E03-A08,familia,hombre
E03,E03-A09,trabajo,mujer
E03,E03-A10,familia,hombre
E03,E03-A11,familia,mujer
E03,E03-A12,familia,hombre
E03,E03-A13,amistad,hombre
E04,E04-A01,vecindad,mujer
E04,E04-A02,vecindad,mujer
E04,E04-A03,vecindad,mujer
E04,E04-A04,vecindad,mujer
E04,E04-A05,amistad,mujer
E04,E04-A06,vecindad,hombre
E04,E04-A07,vecindad,mujer
E04,E04-A08,vecindad,hombre
E04,E04-A09,vecindad,hombre
E04,E04-A10,vecindad,mujer
E04,E04-A11,familia,mujer
E04,E04-A12,amistad,mujer
E05,E05-A01,trabajo,mujer
E05,E05-A02,familia,hombre
E05,E05-A03,trabajo,mujer
E05,E05-A04,trabajo,mujer
E05,E05-A05,trabajo,hombre
E05,E05-A06,vecindad,mujer
E05,E05-A07,trabajo,hombre
E05,E05-A08,trabajo,mujer
E05,E05-A09,trabajo,mujer
E05,E05-A10,trabajo,mujer
E05,E05-A11,trabajo,hombre
E05,E05-A12,trabajo,hombre
E05,E05-A13,trabajo,mujer
E05,E05-A14,amistad,mujer
E05,E05-A15,trabajo,mujer
E05,E05-A16,vecindad,hombre
E05,E05-A17,amistad,hombre
E06,E06-A01,familia,mujer
E06,E06-A02,familia,mujer
E06,E06-A03,amistad,hombre
E06,E06-A04,familia,mujer
E06,E06-A05,amistad,hombre
E06,E06-A06,familia,hombre
E06,E06-A07,amistad,hombre
E06,E06-A08,vecindad,mujer
E06,E06-A09,familia,mujer
E06,E06-A10,familia,hombre
E06,E06-A11,familia,mujer
E06,E06-A12,amistad,mujer
E06,E06-A13,amistad,mujer
E06,E06-A14,vecindad,hombre
E06,E06-A15,amistad,mujer
E06,E06-A16,familia,mujer
E06,E06-A17,familia,hombre
E07,E07-A01,amistad,hombre
E07,E07-A02,familia,hombre
E07,E07-A03,familia,hombre
E07,E07-A04,amistad,hombre
E07,E07-A05,familia,hombre
E07,E07-A06,vecindad,hombre
E07,E07-A07,familia,hombre
E07,E07-A08,trabajo,mujer
E07,E07-A09,vecindad,mujer
E07,E07-A10,amistad,mujer
E07,E07-A11,trabajo,mujer
E07,E07-A12,amistad,mujer
E07,E07-A13,familia,hombre
E07,E07-A14,familia,hombre
E07,E07-A15,amistad,mujer
E07,E07-A16,vecindad,hombre
E07,E07-A17,vecindad,mujer
E07,E07-A18,vecindad,mujer
E07,E07-A19,amistad,mujer
E07,E07-A20,amistad,hombre
E08,E08-A01,vecindad,mujer
E08,E08-A02,trabajo,hombre
E08,E08-A03,familia,mujer
E08,E08-A04,trabajo,mujer
E08,E08-A05,trabajo,hombre
E08,E08-A06,trabajo,hombre
E08,E08-A07,trabajo,hombre
E08,E08-A08,trabajo,hombre
E08,E08-A09,trabajo,mujer
E08,E08-A10,trabajo,mujer
E08,E08-A11,trabajo,hombre
E08,E08-A12,familia,mujer
E08,E08-A13,trabajo,mujer
E08,E08-A14,vecindad,hombre
E09,E09-A01,familia,mujer
E09,E09-A02,trabajo,mujer
E09,E09-A03,familia,hombre
E09,E09-A04,trabajo,mujer
E09,E09-A05,trabajo,hombre
E09,E09-A06,familia,hombre
E09,E09-A07,familia,hombre
E09,E09-A08,familia,hombre
E09,E09-A09,familia,hombre
E09,E09-A10,trabajo,hombre
E09,E09-A11,familia,mujer
E09,E09-A12,familia,mujer
E09,E09-A13,trabajo,hombre
E09,E09-A14,familia,hombre
E09,E09-A15,familia,hombre
E09,E09-A16,trabajo,mujer
E09,E09-A17,familia,hombre
E09,E09-A18,familia,hombre
E09,E09-A19,trabajo,hombre
E09,E09-A20,trabajo,mujer
E10,E10-A01,trabajo,hombre
E10,E10-A02,amistad,hombre
E10,E10-A03,amistad,mujer
E10,E10-A04,trabajo,hombre
E10,E10-A05,amistad,mujer
E10,E10-A06,amistad,hombre
E10,E10-A07,amistad,hombre
E10,E10-A08,amistad,mujer
E10,E10-A09,amistad,mujer
E10,E10-A10,vecindad,mujer
E10,E10-A11,amistad,hombre
E10,E10-A12,trabajo,mujer
E10,E10-A13,amistad,mujer
E10,E10-A14,vecindad,mujer
E10,E10-A15,amistad,mujer
E11,E11-A01,vecindad,hombre
E11,E11-A02,familia,hombre
E11,E11-A03,amistad,mujer
E11,E11-A04,amistad,mujer
E11,E11-A05,amistad,hombre
E11,E11-A06,amistad,mujer
E11,E11-A07,amistad,mujer
E11,E11-A08,amistad,hombre
E11,E11-A09,trabajo,hombre
E11,E11-A10,trabajo,mujer
E11,E11-A11,familia,mujer
E11,E11-A12,amistad,hombre
E11,E11-A13,amistad,hombre
E11,E11-A14,familia,mujer
E11,E11-A15,amistad,hombre
E11,E11-A16,vecindad,hombre
E11,E11-A17,amistad,hombre
E11,E11-A18,amistad,hombre
E12,E12-A01,familia,hombre
E12,E12-A02,familia,mujer
E12,E12-A03,trabajo,mujer
E12,E12-A04,amistad,hombre
E12,E12-A05,trabajo,mujer
E12,E12-A06,trabajo,mujer
E12,E12-A07,vecindad,hombre
E12,E12-A08,trabajo,mujer
E12,E12-A09,trabajo,mujer
E12,E12-A10,vecindad,hombre
E12,E12-A11,trabajo,hombre
E12,E12-A12,trabajo,hombre
E12,E12-A13,trabajo,mujer
E12,E12-A14,trabajo,hombre
E12,E12-A15,trabajo,hombre
E12,E12-A16,amistad,hombre
E13,E13-A01,familia,hombre
E13,E13-A02,familia,hombre
E13,E13-A03,familia,hombre
E13,E13-A04,vecindad,hombre
E13,E13-A05,familia,hombre
E13,E13-A06,amistad,hombre
E13,E13-A07,familia,mujer
E13,E13-A08,familia,mujer
E13,E13-A09,familia,mujer
E13,E13-A10,familia,hombre
E13,E13-A11,familia,mujer
E13,E13-A12,vecindad,mujer
E13,E13-A13,amistad,mujer
E13,E13-A14,familia,mujer
E13,E13-A15,familia,hombre
E13,E13-A16,familia,mujer
E13,E13-A17,familia,hombre
E13,E13-A18,familia,hombre
E14,E14-A01,amistad,hombre
E14,E14-A02,amistad,mujer
E14,E14-A03,familia,mujer
E14,E14-A04,amistad,mujer
E14,E14-A05,amistad,mujer
E14,E14-A06,familia,hombre
E14,E14-A07,familia,mujer
E14,E14-A08,familia,hombre
E14,E14-A09,amistad,hombre
E14,E14-A10,amistad,mujer
E14,E14-A11,amistad,mujer
E14,E14-A12,amistad,hombre
E14,E14-A13,familia,hombre
E14,E14-A14,amistad,hombre
E14,E14-A15,familia,hombre
E15,E15-A01,amistad,mujer
E15,E15-A02,amistad,mujer
E15,E15-A03,trabajo,mujer
E15,E15-A04,amistad,mujer
E15,E15-A05,amistad,mujer
E15,E15-A06,amistad,mujer
E15,E15-A07,amistad,hombre
E15,E15-A08,vecindad,hombre
E15,E15-A09,amistad,mujer
E15,E15-A10,amistad,hombre
E15,E15-A11,amistad,hombre
E15,E15-A12,amistad,mujer
E15,E15-A13,trabajo,hombre
E16,E16-A01,vecindad,mujer
E16,E16-A02,familia,hombre
E16,E16-A03,amistad,hombre
E16,E16-A04,familia,mujer
E16,E16-A05,vecindad,hombre
E16,E16-A06,amistad,mujer
E16,E16-A07,familia,mujer
E16,E16-A08,familia,mujer
E16,E16-A09,familia,hombre
E16,E16-A10,amistad,mujer
E16,E16-A11,vecindad,mujer
E16,E16-A12,trabajo,mujer
E16,E16-A13,amistad,hombre
E16,E16-A14,familia,mujer
E16,E16-A15,familia,hombre
E16,E16-A16,familia,hombre
E16,E16-A17,familia,hombre
E16,E16-A18,amistad,hombre
E16,E16-A19,trabajo,mujer
E16,E16-A20,amistad,mujer
E17,E17-A01,familia,mujer
E17,E17-A02,amistad,mujer
E17,E17-A03,familia,mujer
E17,E17-A04,trabajo,mujer
E17,E17-A05,amistad,hombre
E17,E17-A06,amistad,hombre
E17,E17-A07,amistad,mujer
E17,E17-A08,trabajo,mujer
E17,E17-A09,trabajo,hombre
E17,E17-A10,amistad,mujer
E17,E17-A11,amistad,mujer
E17,E17-A12,amistad,mujer
E17,E17-A13,amistad,hombre
E17,E17-A14,trabajo,mujer
E17,E17-A15,trabajo,hombre
E18,E18-A01,familia,hombre
E18,E18-A02,familia,hombre
E18,E18-A03,amistad,hombre
E18,E18-A04,familia,hombre
E18,E18-A05,amistad,mujer
E18,E18-A06,familia,mujer
E18,E18-A07,amistad,hombre
E18,E18-A08,amistad,hombre
E18,E18-A09,familia,mujer
E18,E18-A10,amistad,mujer
E18,E18-A11,familia,mujer
E18,E18-A12,familia,hombre
E18,E18-A13,amistad,mujer
E18,E18-A14,familia,hombre
E18,E18-A15,familia,mujer
E18,E18-A16,amistad,mujer
E18,E18-A17,trabajo,mujer
E18,E18-A18,familia,hombre
E18,E18-A19,familia,hombre
E19,E19-A01,vecindad,hombre
E19,E19-A02,trabajo,hombre
E19,E19-A03,vecindad,hombre
E19,E19-A04,vecindad,hombre
E19,E19-A05,trabajo,hombre
E19,E19-A06,trabajo,hombre
E19,E19-A07,trabajo,hombre
E19,E19-A08,familia,hombre
E19,E19-A09,familia,mujer
E19,E19-A10,trabajo,hombre
E19,E19-A11,trabajo,hombre
E19,E19-A12,trabajo,mujer
E19,E19-A13,trabajo,hombre
E19,E19-A14,trabajo,mujer
E19,E19-A15,familia,mujer
E19,E19-A16,familia,mujer
E20,E20-A01,amistad,mujer
E20,E20-A02,trabajo,mujer
E20,E20-A03,familia,mujer
E20,E20-A04,trabajo,hombre
E20,E20-A05,familia,hombre
E20,E20-A06,amistad,hombre
E20,E20-A07,familia,hombre
E20,E20-A08,amistad,mujer
E20,E20-A09,familia,hombre
E20,E20-A10,trabajo,hombre
E20,E20-A11,amistad,mujer
E20,E20-A12,trabajo,hombre
E20,E20-A13,amistad,hombre
E20,E20-A14,amistad,mujer
E21,E21-A01,vecindad,mujer
E21,E21-A02,vecindad,hombre
E21,E21-A03,vecindad,mujer
E21,E21-A04,familia,hombre
E21,E21-A05,familia,mujer
E21,E21-A06,amistad,mujer
E21,E21-A07,vecindad,hombre
E21,E21-A08,familia,mujer
E21,E21-A09,vecindad,mujer
E21,E21-A10,trabajo,mujer
E21,E21-A11,vecindad,mujer
E21,E21-A12,familia,mujer
E21,E21-A13,trabajo,hombre
E21,E21-A14,trabajo,mujer
E21,E21-A15,familia,mujer
E21,E21-A16,trabajo,mujer
E21,E21-A17,trabajo,mujer
E22,E22-A01,familia,mujer
E22,E22-A02,familia,hombre
E22,E22-A03,trabajo,mujer
E22,E22-A04,trabajo,hombre
E22,E22-A05,familia,hombre
E22,E22-A06,familia,mujer
E22,E22-A07,trabajo,mujer
E22,E22-A08,amistad,hombre
E22,E22-A09,familia,mujer
E22,E22-A10,familia,hombre
E22,E22-A11,familia,mujer
E22,E22-A12,familia,hombre
E22,E22-A13,familia,hombre
E22,E22-A14,familia,hombre
E22,E22-A15,familia,mujer
E22,E22-A16,familia,mujer
E22,E22-A17,trabajo,hombre
E22,E22-A18,familia,hombre
E22,E22-A19,amistad,hombre
E22,E22-A20,familia,hombre
E23,E23-A01,trabajo,hombre
E23,E23-A02,trabajo,mujer
E23,E23-A03,trabajo,hombre
E23,E23-A04,vecindad,hombre
E23,E23-A05,trabajo,hombre
E23,E23-A06,trabajo,mujer
E23,E23-A07,trabajo,hombre
E23,E23-A08,trabajo,hombre
E23,E23-A09,trabajo,hombre
E23,E23-A10,trabajo,mujer
E23,E23-A11,familia,hombre
E23,E23-A12,amistad,mujer
E23,E23-A13,trabajo,hombre
E23,E23-A14,trabajo,hombre
E23,E23-A15,amistad,hombre
E23,E23-A16,amistad,mujer
E23,E23-A17,trabajo,hombre
E23,E23-A18,amistad,hombre
E23,E23-A19,trabajo,hombre
E24,E24-A01,trabajo,mujer
E24,E24-A02,familia,mujer
E24,E24-A03,familia,hombre
E24,E24-A04,familia,mujer
E24,E24-A05,familia,hombre
E24,E24-A06,familia,mujer
E24,E24-A07,trabajo,hombre
E24,E24-A08,trabajo,mujer
E24,E24-A09,trabajo,hombre
E24,E24-A10,familia,hombre
E24,E24-A11,familia,hombre
E24,E24-A12,familia,mujer
E24,E24-A13,familia,mujer
E24,E24-A14,familia,mujer
E24,E24-A15,trabajo,mujer
E24,E24-A16,vecindad,mujer
E24,E24-A17,familia,mujer
E24,E24-A18,familia,mujer
E24,E24-A19,familia,hombre
E25,E25-A01,trabajo,mujer
E25,E25-A02,trabajo,hombre
E25,E25-A03,familia,mujer
E25,E25-A04,trabajo,hombre
E25,E25-A05,trabajo,mujer
E25,E25-A06,familia,mujer
E25,E25-A07,trabajo,hombre
E25,E25-A08,familia,hombre
E25,E25-A09,familia,mujer
E25,E25-A10,familia,mujer
E25,E25-A11,trabajo,hombre
E25,E25-A12,trabajo,hombre
E25,E25-A13,familia,hombre
E26,E26-A01,familia,hombre
E26,E26-A02,familia,mujer
E26,E26-A03,trabajo,hombre
E26,E26-A04,familia,mujer
E26,E26-A05,familia,mujer
E26,E26-A06,familia,hombre
E26,E26-A07,trabajo,hombre
E26,E26-A08,familia,hombre
E26,E26-A09,familia,hombre
E26,E26-A10,familia,mujer
E26,E26-A11,familia,hombre
E26,E26-A12,familia,mujer
E26,E26-A13,familia,mujer
E26,E26-A14,familia,mujer
E26,E26-A15,familia,mujer
E26,E26-A16,familia,hombre
E26,E26-A17,familia,mujer
E26,E26-A18,familia,mujer
E27,E27-A01,amistad,mujer
E27,E27-A02,trabajo,mujer
E27,E27-A03,familia,mujer
E27,E27-A04,familia,hombre
E27,E27-A05,familia,hombre
E27,E27-A06,familia,mujer
E27,E27-A07,amistad,hombre
E27,E27-A08,familia,hombre
E27,E27-A09,familia,mujer
E27,E27-A10,vecindad,hombre
E27,E27-A11,amistad,hombre
E27,E27-A12,familia,hombre
E27,E27-A13,amistad,mujer
E28,E28-A01,amistad,hombre
E28,E28-A02,familia,hombre
E28,E28-A03,amistad,mujer
E28,E28-A04,trabajo,hombre
E28,E28-A05,familia,hombre
E28,E28-A06,amistad,hombre
E28,E28-A07,amistad,mujer
E28,E28-A08,familia,mujer
E28,E28-A09,amistad,hombre
E28,E28-A10,amistad,mujer
E28,E28-A11,familia,mujer
E28,E28-A12,trabajo,hombre
E28,E28-A13,familia,mujer
E28,E28-A14,amistad,hombre
E29,E29-A01,trabajo,mujer
E29,E29-A02,trabajo,mujer
E29,E29-A03,vecindad,mujer
E29,E29-A04,familia,mujer
E29,E29-A05,vecindad,hombre
E29,E29-A06,vecindad,mujer
E29,E29-A07,trabajo,hombre
E29,E29-A08,familia,mujer
E29,E29-A09,vecindad,mujer
E29,E29-A10,amistad,hombre
E29,E29-A11,trabajo,mujer
E29,E29-A12,trabajo,mujer
E29,E29-A13,trabajo,mujer
E30,E30-A01,vecindad,hombre
E30,E30-A02,familia,hombre
E30,E30-A03,amistad,hombre
E30,E30-A04,vecindad,hombre
E30,E30-A05,vecindad,mujer
E30,E30-A06,trabajo,mujer
E30,E30-A07,amistad,mujer
E30,E30-A08,trabajo,hombre
E30,E30-A09,familia,mujer
E30,E30-A10,trabajo,hombre
E30,E30-A11,familia,mujer
E30,E30-A12,familia,mujer
E31,E31-A01,familia,mujer
E31,E31-A02,amistad,mujer
E31,E31-A03,amistad,mujer
E31,E31-A04,familia,hombre
E31,E31-A05,familia,hombre
E31,E31-A06,familia,hombre
E31,E31-A07,familia,mujer
E31,E31-A08,familia,hombre
E31,E31-A09,trabajo,mujer
E31,E31-A10,amistad,mujer
E31,E31-A11,familia,mujer
E31,E31-A12,familia,hombre
E31,E31-A13,amistad,hombre
E31,E31-A14,trabajo,hombre
E31,E31-A15,amistad,mujer
E31,E31-A16,familia,mujer
E32,E32-A01,familia,hombre
E32,E32-A02,familia,hombre
E32,E32-A03,trabajo,mujer
E32,E32-A04,amistad,mujer
E32,E32-A05,familia,hombre
E32,E32-A06,amistad,mujer
E32,E32-A07,trabajo,mujer
E32,E32-A08,familia,hombre
E32,E32-A09,amistad,mujer
E32,E32-A10,amistad,mujer
E32,E32-A11,familia,hombre
E32,E32-A12,familia,hombre
E32,E32-A13,familia,hombre
E32,E32-A14,amistad,hombre
E32,E32-A15,familia,mujer
E32,E32-A16,familia,mujer
E32,E32-A17,familia,mujer
E32,E32-A18,familia,hombre
E32,E32-A19,familia,hombre
E33,E33-A01,vecindad,hombre
E33,E33-A02,familia,mujer
E33,E33-A03,amistad,mujer
E33,E33-A04,vecindad,hombre
E33,E33-A05,familia,mujer
E33,E33-A06,vecindad,hombre
E33,E33-A07,vecindad,mujer
E33,E33-A08,familia,hombre
E33,E33-A09,vecindad,mujer
E33,E33-A10,amistad,hombre
E33,E33-A11,trabajo,hombre
E33,E33-A12,familia,hombre
E33,E33-A13,amistad,mujer
E33,E33-A14,familia,hombre
E33,E33-A15,trabajo,mujer
E33,E33-A16,amistad,mujer
E33,E33-A17,vecindad,hombre
E33,E33-A18,amistad,hombre
E34,E34-A01,familia,mujer
E34,E34-A02,familia,hombre
E34,E34-A03,familia,mujer
E34,E34-A04,trabajo,hombre
E34,E34-A05,familia,hombre
E34,E34-A06,trabajo,mujer
E34,E34-A07,familia,mujer
E34,E34-A08,trabajo,mujer
E34,E34-A09,familia,mujer
E34,E34-A10,familia,hombre
E34,E34-A11,familia,hombre
E34,E34-A12,familia,mujer
E34,E34-A13,familia,mujer
E34,E34-A14,trabajo,hombre
E35,E35-A01,familia,hombre
E35,E35-A02,amistad,hombre
E35,E35-A03,familia,mujer
E35,E35-A04,amistad,hombre
E35,E35-A05,amistad,hombre
E35,E35-A06,familia,hombre
E35,E35-A07,amistad,hombre
E35,E35-A08,familia,hombre
E35,E35-A09,familia,hombre
E35,E35-A10,familia,mujer
E35,E35-A11,familia,hombre
E35,E35-A12,familia,mujer
E35,E35-A13,amistad,mujer
E35,E35-A14,familia,hombre
E35,E35-A15,amistad,mujer
E35,E35-A16,amistad,mujer
E35,E35-A17,amistad,hombre
E36,E36-A01,trabajo,mujer
E36,E36-A02,familia,mujer
E36,E36-A03,vecindad,hombre
E36,E36-A04,amistad,mujer
E36,E36-A05,familia,mujer
E36,E36-A06,familia,hombre
E36,E36-A07,familia,hombre
E36,E36-A08,familia,mujer
E36,E36-A09,familia,mujer
E36,E36-A10,amistad,mujer
E36,E36-A11,amistad,mujer
E36,E36-A12,familia,hombre
E36,E36-A13,amistad,hombre
E36,E36-A14,vecindad,hombre
E36,E36-A15,trabajo,mujer
E36,E36-A16,familia,mujer
E36,E36-A17,vecindad,mujer
E36,E36-A18,trabajo,mujer
E37,E37-A01,familia,hombre
E37,E37-A02,familia,mujer
E37,E37-A03,familia,hombre
E37,E37-A04,familia,mujer
E37,E37-A05,vecindad,mujer
E37,E37-A06,amistad,mujer
E37,E37-A07,vecindad,mujer
E37,E37-A08,familia,mujer
E37,E37-A09,vecindad,mujer
E37,E37-A10,familia,hombre
E37,E37-A11,familia,mujer
E37,E37-A12,familia,hombre
E37,E37-A13,familia,mujer
E37,E37-A14,vecindad,hombre
E37,E37-A15,familia,hombre
E37,E37-A16,amistad,hombre
E38,E38-A01,amistad,mujer
E38,E38-A02,amistad,mujer
E38,E38-A03,vecindad,mujer
E38,E38-A04,familia,hombre
E38,E38-A05,familia,hombre
E38,E38-A06,familia,hombre
E38,E38-A07,amistad,mujer
E38,E38-A08,vecindad,mujer
E38,E38-A09,amistad,hombre
E38,E38-A10,amistad,hombre
E38,E38-A11,familia,hombre
E38,E38-A12,amistad,mujer
E39,E39-A01,familia,hombre
E39,E39-A02,amistad,hombre
E39,E39-A03,amistad,hombre
E39,E39-A04,familia,hombre
E39,E39-A05,familia,hombre
E39,E39-A06,familia,hombre
E39,E39-A07,familia,mujer
E39,E39-A08,familia,mujer
E39,E39-A09,amistad,mujer
E39,E39-A10,familia,hombre
E39,E39-A11,vecindad,hombre
E39,E39-A12,familia,mujer
E39,E39-A13,amistad,mujer
E39,E39-A14,amistad,mujer
E39,E39-A15,familia,hombre
E39,E39-A16,familia,mujer
E39,E39-A17,familia,hombre
E40,E40-A01,amistad,hombre
E40,E40-A02,amistad,mujer
E40,E40-A03,amistad,hombre
E40,E40-A04,amistad,mujer
E40,E40-A05,amistad,mujer
E40,E40-A06,familia,hombre
E40,E40-A07,amistad,hombre
E40,E40-A08,familia,hombre
E40,E40-A09,amistad,hombre
E40,E40-A10,trabajo,mujer
E40,E40-A11,amistad,hombre
E40,E40-A12,amistad,mujer
E40,E40-A13,amistad,hombre
E40,E40-A14,amistad,mujer
E40,E40-A15,trabajo,mujer
E40,E40-A16,amistad,hombre
E40,E40-A17,amistad,mujer
E40,E40-A18,amistad,mujer
