ego,pais,genero,edad,tamano_hogar,rigidez_normas
MX001,México,hombre,58,2,4.33
MX002,México,mujer,26,4,4.0
MX003,México,hombre,22,2,5.83
MX004,México,mujer,22,4,5.0
MX005,México,hombre,20,5,4.67
MX006,México,mujer,21,5,4.5
MX007,México,mujer,45,3,4.5
MX008,México,hombre,53,5,4.67
MX009,México,hombre,22,5,4.33
MX010,México,hombre,31,4,4.83
MX011,México,mujer,45,4,4.17
MX012,México,hombre,28,3,4.83
MX013,México,hombre,24,4,5.33
MX014,México,hombre,19,4,5.67
MX015,México,mujer,25,1,4.67
SA016,Sudáfrica,mujer,55,4,4.5
SA017,Sudáfrica,mujer,24,4,3.83
SA018,Sudáfrica,mujer,32,4,3.5
SA019,Sudáfrica,hombre,27,5,7.0
SA020,Sudáfrica,mujer,21,5,5.67
SA021,Sudáfrica,mujer,33,3,4.33
SA022,Sudáfrica,hombre,21,1,2.0
SA023,Sudáfrica,hombre,31,5,5.17
SA024,Sudáfrica,mujer,23,3,6.33
SA025,Sudáfrica,mujer,25,4,6.0
SA026,Sudáfrica,mujer,20,3,4.17
SA027,Sudáfrica,hombre,45,4,6.0
SA028,Sudáfrica,hombre,31,4,5.17
SA029,Sudáfrica,hombre,18,8,6.0
SA030,Sudáfrica,mujer,23,4,4.67
MO031,Marruecos,hombre,25,5,5.5
MO032,Marruecos,mujer,30,4,5.0
MO033,Marruecos,hombre,39,3,2.0
MO034,Marruecos,hombre,41,12,3.67
MO035,Marruecos,hombre,54,3,5.67
MO036,Marruecos,hombre,43,4,4.0
MO037,Marruecos,hombre,45,5,4.5
MO038,Marruecos,hombre,30,4,5.33
MO039,Marruecos,hombre,46,3,5.17
MO040,Marruecos,hombre,30,2,5.0
MO041,Marruecos,hombre,36,1,2.0
MO042,Marruecos,mujer,28,4,6.0
MO043,Marruecos,mujer,27,3,3.17
MO044,Marruecos,hombre,37,7,3.67
MO045,Marruecos,hombre,41,12,4.67
FR046,Francia,mujer,77,6,5.67
FR047,Francia,mujer,34,3,3.67
FR048,Francia,hombre,40,2,4.67
FR049,Francia,hombre,64,2,5.0
FR050,Francia,hombre,42,1,6.0
FR051,Francia,hombre,56,3,3.17
FR052,Francia,mujer,51,3,4.83
FR053,Francia,hombre,38,3,5.0
FR054,Francia,hombre,47,4,3.33
FR055,Francia,mujer,67,2,4.33
FR056,Francia,hombre,36,3,4.17
FR057,Francia,mujer,35,3,5.17
FR058,Francia,hombre,33,4,5.0
FR059,Francia,mujer,40,1,3.17
FR060,Francia,mujer,40,5,3.0
SW061,Suecia,mujer,47,4,4.67
SW062,Suecia,hombre,49,3,4.0
SW063,Suecia,hombre,60,1,5.33
SW064,Suecia,hombre,26,1,6.0
SW065,Suecia,hombre,25,3,4.83
SW066,Suecia,mujer,52,2,4.5
SW067,Suecia,hombre,39,1,6.17
SW068,Suecia,hombre,42,1,5.0
SW069,Suecia,mujer,40,2,3.17
SW070,Suecia,mujer,45,4,3.83
SW071,Suecia,mujer,38,2,5.0
SW072,Suecia,hombre,33,2,5.33
SW073,Suecia,hombre,25,2,4.17
SW074,Suecia,mujer,26,3,3.33
SW075,Suecia,mujer,35,2,4.5
RO076,Rumanía,hombre,37,4,3.5
RO077,Rumanía,hombre,56,4,4.33
RO078,Rumanía,mujer,27,2,4.17
RO079,Rumanía,mujer,29,3,3.67
RO080,Rumanía,mujer,57,2,4.0
RO081,Rumanía,mujer,74,1,4.17
RO082,Rumanía,hombre,20,4,4.33
RO083,Rumanía,hombre,41,1,3.33
RO084,Rumanía,mujer,53,3,4.33
RO085,Rumanía,mujer,22,3,3.83
RO086,Rumanía,hombre,35,4,4.0
RO087,Rumanía,mujer,23,2,4.83
RO088,Rumanía,mujer,37,2,2.83
RO089,Rumanía,hombre,31,3,4.67
RO090,Rumanía,hombre,22,4,3.5
