id,club,faccion,intensidad
1,Mr. Hi,-2,2
2,Mr. Hi,-2,2
3,Mr. Hi,-2,2
4,Mr. Hi,-2,2
5,Mr. Hi,-2,2
6,Mr. Hi,-2,2
7,Mr. Hi,-2,2
8,Mr. Hi,-2,2
9,Mr. Hi,1,1
10,Officers,0,0
11,Mr. Hi,-2,2
12,Mr. Hi,-2,2
13,Mr. Hi,-1,1
14,Mr. Hi,-1,1
15,Officers,2,2
16,Officers,1,1
17,Mr. Hi,0,0
18,Mr. Hi,-1,1
19,Officers,0,0
20,Mr. Hi,-1,1
21,Officers,2,2
22,Mr. Hi,-1,1
23,Officers,2,2
24,Officers,1,1
25,Officers,1,1
26,Officers,2,2
27,Officers,2,2
28,Officers,2,2
29,Officers,2,2
30,Officers,2,2
31,Officers,2,2
32,Officers,2,2
33,Officers,2,2
34,Officers,2,2
